task,width,model,parameters,validation_score,effective_affine_dof,score,learning_auc,seconds,steps_to_80,steps_to_90,accuracy,normalized_mse,tail_score,tail_survival,jacobian_variability,base_only_drop,uniform_drop,mismatched_drop,up_allocation_variation,down_allocation_variation,up_correction_ratio,down_correction_ratio
checkerboard,16,ordinary_mlp,2294,0.7424889703591665,,0.5102222214142481,0.5640396706302029,0.5262451946666667,,,0.5102222363154093,,0.4817777802546819,0.0,2.4787000815073648,,,,,,,
checkerboard,16,soft_eikonal,2294,0.9624810417493185,,0.458777775367101,0.8386561661524077,3.9135778473333347,216.66666666666666,358.3333333333333,0.458777775367101,,0.38955555607875186,0.0,7.112899939219157,0.44448427607615787,0.4379583882788817,0.4513864765564601,0.1507704903682073,0.14258266488711038,0.25390083094437915,1.249003012975057
checkerboard,36,ordinary_mlp,7814,0.839775284131368,,0.5072222203016281,0.6516079540605036,0.6722517776666663,658.3333333333334,,0.5072222352027893,,0.4771111110846202,0.0,3.9436780214309692,,,,,,,
checkerboard,36,soft_eikonal,7814,0.9570307731628418,,0.4448888897895813,0.8512859519889268,4.130405555333333,216.66666666666666,291.6666666666667,0.4448888798554738,,0.34211111317078274,0.0,7.146282315254211,0.43754864608248073,0.45031675199667615,0.4450387507677078,0.10394079983234406,0.17196581761042276,0.12335696319739024,1.174380938212077
chirp_1d,16,ordinary_mlp,2261,0.8980922861358936,,0.019868537664151475,0.7348703805765057,0.34910291633332236,425.0,,,50.598654429117836,0.04164665411665794,,8.429301897684732,,,,,,,
chirp_1d,16,soft_eikonal,2261,0.9516636365392571,,0.33843647855224335,0.8904849026081858,3.8780264026666678,100.0,141.66666666666666,,2.0506927967071533,0.2380400737318349,,5.300478259722392,0.5714614383738394,0.5430199649036003,0.6480840244079217,0.08219290897250175,0.10061101863781612,0.11068618670105934,0.42055221398671466
chirp_1d,36,ordinary_mlp,7741,0.9005140150777127,,0.023891236475211932,0.7907545651797294,0.5361683476666599,266.6666666666667,425.0,,41.37266286214193,0.04594670794613339,,10.351408441861471,,,,,,,
chirp_1d,36,soft_eikonal,7741,0.9838403888775519,,0.3072677041093385,0.9085865970440388,4.003066513999992,75.0,141.66666666666666,,2.2690532207489014,0.18875173900505415,,6.888183315594991,0.5731915297001299,0.5269725537356941,0.6615854077625983,0.1024952878554662,0.10506530354420344,0.09057493756214778,0.3660990695158641
complex_spiral_3d,16,ordinary_mlp,2295,0.8764304852333739,,0.0006589951381882287,0.7079904280725212,0.3438329446666823,633.3333333333334,,,1587.1776529947917,0.005733518496721413,,2.987718343734741,,,,,,,
complex_spiral_3d,16,soft_eikonal,2295,0.9840571131537068,,0.03314813402668657,0.8735621460232358,3.7384244443333237,225.0,275.0,,32.037054697672524,0.056041111507650954,,3.0904951095581055,0.6464314417742643,0.5687773244366228,0.6670730439376035,0.11136007805665334,0.10189783573150635,0.12901408970355988,0.5987717509269714
complex_spiral_3d,36,ordinary_mlp,7815,0.9462587642600376,,0.0020496551930680408,0.7891989909898721,0.5077311803333563,383.3333333333333,608.3333333333334,,851.1362965901693,0.014219579390600055,,3.545686721801758,,,,,,,
complex_spiral_3d,36,soft_eikonal,7815,0.9847196946325433,,0.020290283404103045,0.8861764406060916,3.941873750333343,225.0,258.3333333333333,,177.01141548156738,0.05345924093673198,,3.4000209172566733,0.6471150117291717,0.5847977616396075,0.7060527744519115,0.1050032302737236,0.12361876169840495,0.13173957665761313,0.5227594971656799
fourier_mix_1d,16,ordinary_mlp,2261,0.8924902617661244,,0.17074876374476378,0.8332473534544258,0.31458362466666284,208.33333333333334,,,4.891751289367676,0.1897657976468727,,8.169291893641153,,,,,,,
fourier_mix_1d,16,soft_eikonal,2261,0.9879333185535906,,0.40970711478090344,0.9251806976184566,3.9695843886666657,83.33333333333333,158.33333333333334,,2.141088604927063,0.28643038499590573,,10.33894689877828,0.38229726159383065,0.38984401532410917,0.5305747455700338,0.10705460111300151,0.15180536483724913,0.13838563859462738,0.4347357451915741
fourier_mix_1d,36,ordinary_mlp,7741,0.8942356424432717,,0.17141468405639157,0.8465609279588975,0.5408150833333139,183.33333333333334,,,4.851142247517903,0.19559790890527518,,10.446754693984985,,,,,,,
fourier_mix_1d,36,soft_eikonal,7741,0.9907098532874943,,0.4122023651080527,0.9443787094497816,4.169223888999984,83.33333333333333,125.0,,1.57905113697052,0.27719638276604525,,2.9839457670847573,0.34925874620618186,0.3030366030059701,0.5025862294327347,0.12506110221147537,0.15374833593765894,0.11570905894041061,0.39342660705248517
hyperchecker,16,ordinary_mlp,2422,0.5292581568161646,,0.5292581568161646,0.5058973159470285,0.5617218476666418,,,0.5285555521647135,,,,1.2890268564224243,,,,,,,
hyperchecker,16,soft_eikonal,2422,0.5203624417384466,,0.5203624417384466,0.5000519582753381,4.199259069333341,,,0.5194444457689921,,,,2.122555752595266,0.003489762544631958,0.011400495966275534,0.010623743136723837,0.1218914935986201,0.056851317485173546,0.24349948267141977,0.20740944147109985
hyperchecker,36,ordinary_mlp,8102,0.5230273107687632,,0.5230273107687632,0.5043929314916022,0.7203046670000125,,,0.5226666728655497,,,,1.2393156290054321,,,,,,,
hyperchecker,36,soft_eikonal,8102,0.5181450893481573,,0.5181450893481573,0.5024554439199468,4.469037083333319,,,0.5171111027399699,,,,3.0000226696332297,0.00899160405000051,0.009855752189954122,0.01344450811545054,0.11741681148608525,0.11135060215989749,0.180173526207606,0.3646650016307831
localized_steps_1d,16,ordinary_mlp,2261,0.9650415174233128,,0.8739935665392758,0.9045279775387177,0.34513370800002957,100.0,166.66666666666666,,0.14594787855943045,0.7968540752188605,,4.3424941301345825,,,,,,,
localized_steps_1d,16,soft_eikonal,2261,0.9993578610887038,,0.9540704205198334,0.9652575089987284,3.874743569666672,66.66666666666667,91.66666666666667,,0.05039000619823734,0.9085671726928434,,1.9809387028217316,0.4895286454656089,0.4340626976338382,0.5031900631477016,0.09412477537989616,0.09269769117236137,0.12762344628572464,0.34382115801175434
localized_steps_1d,36,ordinary_mlp,7741,0.9681419221605033,,0.9014689976852482,0.9187596004584201,0.542766444666635,58.333333333333336,141.66666666666666,,0.10945068299770355,0.8393230757555262,,4.759403030077617,,,,,,,
localized_steps_1d,36,soft_eikonal,7741,0.9996498959573793,,0.9736703885881614,0.9720892326035706,4.078541194666665,50.0,75.0,,0.02786886125492553,0.9458612794713236,,1.8252501090367634,0.3483891377415791,0.4185456998550956,0.43162857011440786,0.08934854219357173,0.045237467934687935,0.09618371973435084,0.23275182644526163
lorenz_lobes,16,ordinary_mlp,2294,0.9998276432355245,,0.9998276432355245,0.9906794784963132,0.5963870416666642,17.0,25.0,0.999833325544993,,,,0.23329570889472961,,,,,,,
lorenz_lobes,16,soft_eikonal,2294,1.0,,1.0,0.9892384938833615,4.3043421389999805,25.0,25.0,1.0,,,,0.23090060551961264,0.0026797552903493247,0.0006517469882965088,0.002307941516240438,0.04721709589163462,0.05435329178969065,0.0709867278734843,0.03804433966676394
lorenz_lobes,36,ordinary_mlp,7814,0.9996788601080576,,0.9996788601080576,0.9941985486758252,0.7229405000000023,1.0,17.0,0.9996666510899862,,,,0.21453013519446054,,,,,,,
lorenz_lobes,36,soft_eikonal,7814,1.0,,1.0,0.991359565332532,4.481755083666674,25.0,25.0,1.0,,,,0.2981984366973241,0.00048021475474039715,0.0005040367444356283,0.0013473927974700928,0.04370169093211492,0.05314763511220614,0.04613578195373217,0.029763702303171158
multiscale_1d,16,ordinary_mlp,2261,0.7988797392822639,,0.12648939169760667,0.7706208792690745,0.33897234699999973,725.0,,,6.9138773282368975,0.1733490879304568,,2.361098527908325,,,,,,,
multiscale_1d,16,soft_eikonal,2261,0.9634153052587734,,0.25978323548564425,0.9082730725085598,3.865143082999983,75.0,216.66666666666666,,3.2373738288879395,0.2983266435788958,,17.033785581588745,0.40076575611517007,0.44548846138935433,0.6542532386499953,0.11219272390007973,0.10997214168310165,0.12320630500713985,0.42389654119809467
multiscale_1d,36,ordinary_mlp,7741,0.8141138494052242,,0.1395919491594195,0.7826964741364262,0.5321138329999826,650.0,,,6.187092304229736,0.19026513574630854,,2.2946824630101523,,,,,,,
multiscale_1d,36,soft_eikonal,7741,0.979796159853071,,0.2776074332726256,0.9272217058634871,4.0766583056666645,75.0,191.66666666666666,,2.779319961865743,0.3281778231470018,,2.5361189047495523,0.37999216565569355,0.36075110842655134,0.5464661442103447,0.09702440227071445,0.18034324049949646,0.06104396531979243,0.40819478034973145
periodic_nd,16,ordinary_mlp,2373,0.5708449152986161,,0.5708449152986161,0.5634816442588343,0.3480478749999823,,,,0.7518589695294698,,,3.5621857245763144,,,,,,,
periodic_nd,16,soft_eikonal,2373,0.5941537557576683,,0.5941537557576683,0.5698167100377419,3.915521041666674,,,,0.6845542987187704,,,3.816807428995768,0.08611824732731353,0.06278761880428323,0.10847956584065453,0.11514120052258174,0.07527074217796326,0.14323090513547262,0.47820718089739483
periodic_nd,36,ordinary_mlp,7993,0.5808484040848539,,0.5808484040848539,0.566248870532412,0.540097277999981,,,,0.721790611743927,,,2.85876727104187,,,,,,,
periodic_nd,36,soft_eikonal,7993,0.5885259024540357,,0.5885259024540357,0.5702757041558124,4.144371986333302,,,,0.6996461947758993,,,3.4268964926401773,0.07245501748914575,0.04421184573138633,0.09079290615897938,0.13115626573562622,0.10669885575771332,0.11486651500066121,0.5431001583735148
periodic_wells,16,ordinary_mlp,2277,0.7539244520744903,,0.7539244520744903,0.5643760334007721,0.3212710553333409,675.0,775.0,,0.3724704732497533,,,7.636784553527832,,,,,,,
periodic_wells,16,soft_eikonal,2277,0.992065252423545,,0.992065252423545,0.8799976010821345,4.017536708333334,191.66666666666666,241.66666666666666,,0.0079996717783312,,,3.505354642868042,0.7025534634241595,0.7321455995208765,0.826241632406429,0.11614610254764557,0.08478160699208577,0.14974186569452286,0.48653292655944824
periodic_wells,36,ordinary_mlp,7777,0.9903139786254189,,0.9903139786254189,0.694237719015923,0.5436762639999984,575.0,633.3333333333334,,0.009805379590640465,,,3.5717222690582275,,,,,,,
periodic_wells,36,soft_eikonal,7777,0.9948174228393807,,0.9948174228393807,0.9089738393914728,4.195210000333343,150.0,183.33333333333334,,0.0052129710869242745,,,3.4839014212290444,0.6641247008372265,0.7000360050881321,0.7574989820129568,0.08559747909506162,0.08440693964560826,0.10302540163199107,0.447037676970164
pinwheel,16,ordinary_mlp,2345,0.9994767308235168,,0.9994767308235168,0.962912734657526,0.5422638890000021,33.333333333333336,125.0,0.9995151360829672,,,,0.7485682566960653,,,,,,,
pinwheel,16,soft_eikonal,2345,1.0,,1.0,0.9692331167769929,3.9776820833333395,41.666666666666664,91.66666666666667,1.0,,,,1.0303720235824585,0.182935239871343,0.17412058512369796,0.24920860131581626,0.13798159112532934,0.16136576731999716,0.2107828458150228,0.31171156962712604
pinwheel,36,ordinary_mlp,7925,0.999731183052063,,0.999731183052063,0.9753968716313443,0.6856097223333345,25.0,83.33333333333333,0.9997575680414835,,,,0.8598604003588358,,,,,,,
pinwheel,36,soft_eikonal,7925,1.0,,1.0,0.9795025502343973,4.1846652780000015,25.0,75.0,1.0,,,,1.000329315662384,0.13709143797556564,0.11577410499254863,0.24795647859573366,0.09480736901362737,0.16379930327335993,0.11541136354207993,0.3842019538084666
radial_stripes,16,ordinary_mlp,2294,0.5191136399904887,,0.5191136399904887,0.49792130302793036,0.6244529720000003,,,0.5196190277735392,,,,1.2915709018707275,,,,,,,
radial_stripes,16,soft_eikonal,2294,0.6470443159341812,,0.6470443159341812,0.5214183136514232,4.440021236000007,,,0.647428572177887,,,,3.432236909866333,0.14694955199956894,0.14694292346636453,0.1506955474615097,0.12188918640216191,0.13548855980237326,0.2648911674817403,1.119971752166748
radial_stripes,36,ordinary_mlp,7814,0.5187185208002726,,0.5187185208002726,0.49686586432236557,0.7758391529999926,,,0.5196190476417542,,,,0.5949207544326782,,,,,,,
radial_stripes,36,soft_eikonal,7814,0.8047048846880595,,0.8047048846880595,0.5766776738965079,4.686946056000001,650.0,,0.8045714100201925,,,,5.981818596522014,0.29402325054009754,0.2859622960289319,0.3008374174435933,0.1084174116452535,0.15343785285949707,0.07523344457149506,1.8686203956604004
ring_sdf,16,ordinary_mlp,2277,0.9991810532038818,,0.9991810532038818,0.9853366634335985,0.35083466633333654,25.0,33.333333333333336,,0.0008196281269192696,,,14.200198968251547,,,,,,,
ring_sdf,16,soft_eikonal,2277,0.999957358205164,,0.999957358205164,0.9812025734014349,3.812543875000017,41.666666666666664,50.0,,4.2643712125330545e-05,,,13.903353134791056,0.10680424679922522,0.08995739783905161,0.08468334649022598,0.04556340848406156,0.06726061925292015,0.054791981975237526,0.26823889712492627
ring_sdf,36,ordinary_mlp,7777,0.9993285394616391,,0.9993285394616391,0.9874254522620709,0.5396367780000068,25.0,25.0,,0.0006719227142942449,,,18.316798210144043,,,,,,,
ring_sdf,36,soft_eikonal,7777,0.999947069283227,,0.999947069283227,0.988513886811666,4.066181778000005,25.0,25.0,,5.293390010289537e-05,,,12.78080415725708,0.0252533841720739,0.02595753329495243,0.031036110962609793,0.037302872786919274,0.04621605947613716,0.06212892631689707,0.16749934603770575
ripple,16,ordinary_mlp,2277,0.5057758525628965,,0.5057758525628965,0.5035188590982731,0.32832266666666027,,,,0.9773305853207906,,,2.0831525723139444,,,,,,,
ripple,16,soft_eikonal,2277,0.9289050102876536,,0.9289050102876536,0.7475777939346231,3.953517027666654,400.0,608.3333333333334,,0.07660301774740219,,,6.685952345530192,0.5977935650231451,0.5766184072050226,0.7611874366256073,0.14259029428164163,0.13496394952138266,0.19860981901486716,0.7853132088979086
ripple,36,ordinary_mlp,7777,0.5071493418046079,,0.5071493418046079,0.504282263715972,0.5366409440000174,,,,0.9721676111221313,,,2.985856771469116,,,,,,,
ripple,36,soft_eikonal,7777,0.9602211070225574,,0.9602211070225574,0.7612110149362868,4.244902694333329,366.6666666666667,516.6666666666666,,0.04146469756960869,,,4.358101844787598,0.6027426563334888,0.6186364738746233,0.7758548187475465,0.1273223136862119,0.1361957142750422,0.137417862812678,0.7507249116897583
sinusoid_bounds,16,ordinary_mlp,2294,0.974269817272822,,0.974269817272822,0.9267031646271547,0.5575863059999904,25.0,100.0,0.9742857019106547,,,,11.764631430308023,,,,,,,
sinusoid_bounds,16,soft_eikonal,2294,0.9899531503518423,,0.9899531503518423,0.9579350059852004,4.249080332999995,50.0,58.333333333333336,0.9899047414461771,,,,11.03774905204773,0.15547823905944824,0.15101020534833273,0.1974395215511322,0.12006485958894093,0.13029490411281586,0.19953776399294534,0.4090210199356079
sinusoid_bounds,36,ordinary_mlp,7814,0.9874604543050131,,0.9874604543050131,0.9497425100890298,0.7262136943333246,25.0,50.0,0.9874285658200582,,,,12.719634850819906,,,,,,,
sinusoid_bounds,36,soft_eikonal,7814,0.9885950982570648,,0.9885950982570648,0.963391509950161,4.482412444666664,25.0,33.333333333333336,0.9885714252789816,,,,11.106650034586588,0.16189327836036682,0.14781007170677185,0.1638015409310659,0.09941364576419194,0.11954216659069061,0.13519943753878275,0.23847958942254385
spiral,16,ordinary_mlp,2294,0.8016709884007772,,0.32883332669734955,0.6554517932981252,0.5401242086666658,775.0,,0.32883333166440326,,0.3178888882665585,0.0,2.149309198061625,,,,,,,
spiral,16,soft_eikonal,2294,1.0,,0.3556666572888692,0.9206472974208494,3.928519153,183.33333333333334,191.66666666666666,0.3556666672229767,,0.2958888887738188,0.0,9.597747643788656,0.42885272204875946,0.42084958652655285,0.4836488217115402,0.07331504176060359,0.13811325033505759,0.16966033230225244,1.65542471408844
spiral,36,ordinary_mlp,7814,0.9833077788352966,,0.3368333379427592,0.7243695386945426,0.682971111,625.0,683.3333333333334,0.3368333379427592,,0.32399999909102917,0.0,2.185072938601176,,,,,,,
spiral,36,soft_eikonal,7814,1.0,,0.3540000021457672,0.9284721249031523,4.04965225,158.33333333333334,175.0,0.3540000021457672,,0.318444445480903,0.0,1.9211876392364502,0.41356560339530307,0.39875732858975727,0.45290932555993396,0.07214660445849101,0.13318962355454764,0.13272684315840402,1.3651175300280254
swiss_cheese,16,ordinary_mlp,2294,0.9603894352912903,,0.9603894352912903,0.8543599595564108,0.6256516946666674,283.3333333333333,341.6666666666667,0.9600000182787577,,,,4.554275035858154,,,,,,,
swiss_cheese,16,soft_eikonal,2294,0.9872448841730753,,0.9872448841730753,0.9368004451940458,4.44195727766666,100.0,116.66666666666667,0.9870476126670837,,,,10.813537756601969,0.49434377373351407,0.4872448841730754,0.4657403826713562,0.15630155305067697,0.14284667124350867,0.25949903825918835,0.9418700536092123
swiss_cheese,36,ordinary_mlp,7814,0.9663058221340179,,0.9663058221340179,0.8881410103857829,0.783034611000005,175.0,233.33333333333334,0.9660952289899191,,,,3.508502721786499,,,,,,,
swiss_cheese,36,soft_eikonal,7814,0.9873743851979574,,0.9873743851979574,0.9431640123544881,4.668138514000002,75.0,91.66666666666667,0.9874285459518433,,,,6.6400392055511475,0.47973623623450595,0.4660542840138078,0.4437253971894582,0.14503847310940424,0.13627309600512186,0.15181860824426016,0.7971896330515543
two_moons,16,ordinary_mlp,2294,0.999737948179245,,0.999737948179245,0.9781442694986859,0.5380310833333368,17.0,100.0,0.9997435808181763,,,,0.8822288314501444,,,,,,,
two_moons,16,soft_eikonal,2294,0.999737948179245,,0.999737948179245,0.9806984193436802,3.9931737776666623,33.333333333333336,58.333333333333336,0.9997435808181763,,,,1.0962566137313843,0.15431082248687744,0.11481987436612447,0.18967815240224203,0.09610133121411006,0.08273887261748314,0.23164438704649606,0.17201950152715048
two_moons,36,ordinary_mlp,7814,0.9997489949067434,,0.9997489949067434,0.9861424793365101,0.670809805666669,9.0,58.333333333333336,0.9997435808181763,,,,0.936006486415863,,,,,,,
two_moons,36,soft_eikonal,7814,0.9997489949067434,,0.9997489949067434,0.9860228153380256,4.176014125000006,17.0,50.0,0.9997435808181763,,,,0.7736244996388754,0.11679632465044658,0.10458598534266154,0.1310004691282908,0.06912730758388837,0.08880312740802765,0.10617855191230774,0.2858400146166484
xor_quads,16,ordinary_mlp,2294,0.9978886047999064,,0.9978886047999064,0.9779646074601138,0.5427822496666627,25.0,50.0,0.9979047576586405,,,,6.005282322565715,,,,,,,
xor_quads,16,soft_eikonal,2294,0.997291217247645,,0.997291217247645,0.9773647922960421,4.047099902666659,25.0,58.333333333333336,0.9973333279291788,,,,6.008316993713379,0.03648891051610311,0.03185233473777771,0.08030520876248677,0.1131499782204628,0.08644332240025203,0.15324722727139792,0.09678671012322108
xor_quads,36,ordinary_mlp,7814,0.9977079629898071,,0.9977079629898071,0.9821289679345986,0.6915732503333393,25.0,25.0,0.9977142810821533,,,,5.709620316823323,,,,,,,
xor_quads,36,soft_eikonal,7814,0.9969376921653748,,0.9969376921653748,0.9823111164569855,4.249592347666673,25.0,25.0,0.9969523747762045,,,,5.69587516784668,0.004971812168757121,0.005349556605021159,0.007983694473902384,0.050270866602659225,0.051701237758000694,0.04527111475666364,0.06623370448748271
