task,width,parameters,mlp_fit,soft_fit,fit_advantage,mlp_test,soft_test,mlp_auc,soft_auc,mlp_seconds,soft_seconds,mlp_tail,soft_tail,base_only_drop,uniform_drop,mismatched_drop,mlp_jacobian_variability,soft_jacobian_variability,soft_jacobian_change_rank,test_advantage,tail_advantage
spiral,16,2294,0.80167099,1,0.19832901,0.32883333,0.35566666,0.65545179,0.9206473,0.54012421,3.9285192,0.31788889,0.29588889,0.42885272,0.42084959,0.48364882,2.1493092,9.5977476,4,0.026833331,-0.021999999
spiral,36,7814,0.98330778,1,0.016692221,0.33683334,0.354,0.72436954,0.92847212,0.68297111,4.0496523,0.324,0.31844445,0.4135656,0.39875733,0.45290933,2.1850729,1.9211876,4,0.017166664,-0.0055555536
checkerboard,16,2294,0.74248897,0.96248104,0.21999207,0.51022222,0.45877778,0.56403967,0.83865617,0.52624519,3.9135778,0.48177778,0.38955556,0.44448428,0.43795839,0.45138648,2.4787001,7.1128999,4,-0.051444446,-0.092222224
checkerboard,36,7814,0.83977528,0.95703077,0.11725549,0.50722222,0.44488889,0.65160795,0.85128595,0.67225178,4.1304056,0.47711111,0.34211111,0.43754865,0.45031675,0.44503875,3.943678,7.1462823,4,-0.062333331,-0.135
two_moons,16,2294,0.99973795,0.99973795,0,0.99973795,0.99973795,0.97814427,0.98069842,0.53803108,3.9931738,,,0.15431082,0.11481987,0.18967815,0.88222883,1.0962566,4,0,
two_moons,36,7814,0.99974899,0.99974899,0,0.99974899,0.99974899,0.98614248,0.98602282,0.67080981,4.1760141,,,0.11679632,0.10458599,0.13100047,0.93600649,0.7736245,4,0,
pinwheel,16,2345,0.99947673,1,0.00052326918,0.99947673,1,0.96291273,0.96923312,0.54226389,3.9776821,,,0.18293524,0.17412059,0.2492086,0.74856826,1.030372,10,0.00052326918,
pinwheel,36,7925,0.99973118,1,0.00026881695,0.99973118,1,0.97539687,0.97950255,0.68560972,4.1846653,,,0.13709144,0.1157741,0.24795648,0.8598604,1.0003293,10,0.00026881695,
xor_quads,16,2294,0.9978886,0.99729122,-0.00059738755,0.9978886,0.99729122,0.97796461,0.97736479,0.54278225,4.0470999,,,0.036488911,0.031852335,0.080305209,6.0052823,6.008317,4,-0.00059738755,
xor_quads,36,7814,0.99770796,0.99693769,-0.00077027082,0.99770796,0.99693769,0.98212897,0.98231112,0.69157325,4.2495923,,,0.0049718122,0.0053495566,0.0079836945,5.7096203,5.6958752,4,-0.00077027082,
sinusoid_bounds,16,2294,0.97426982,0.98995315,0.015683333,0.97426982,0.98995315,0.92670316,0.95793501,0.55758631,4.2490803,,,0.15547824,0.15101021,0.19743952,11.764631,11.037749,4,0.015683333,
sinusoid_bounds,36,7814,0.98746045,0.9885951,0.001134644,0.98746045,0.9885951,0.94974251,0.96339151,0.72621369,4.4824124,,,0.16189328,0.14781007,0.16380154,12.719635,11.10665,4,0.001134644,
radial_stripes,16,2294,0.51911364,0.64704432,0.12793068,0.51911364,0.64704432,0.4979213,0.52141831,0.62445297,4.4400212,,,0.14694955,0.14694292,0.15069555,1.2915709,3.4322369,4,0.12793068,
radial_stripes,36,7814,0.51871852,0.80470488,0.28598636,0.51871852,0.80470488,0.49686586,0.57667767,0.77583915,4.6869461,,,0.29402325,0.2859623,0.30083742,0.59492075,5.9818186,4,0.28598636,
swiss_cheese,16,2294,0.96038944,0.98724488,0.026855449,0.96038944,0.98724488,0.85435996,0.93680045,0.62565169,4.4419573,,,0.49434377,0.48724488,0.46574038,4.554275,10.813538,4,0.026855449,
swiss_cheese,36,7814,0.96630582,0.98737439,0.021068563,0.96630582,0.98737439,0.88814101,0.94316401,0.78303461,4.6681385,,,0.47973624,0.46605428,0.4437254,3.5085027,6.6400392,4,0.021068563,
lorenz_lobes,16,2294,0.99982764,1,0.00017235676,0.99982764,1,0.99067948,0.98923849,0.59638704,4.3043421,,,0.0026797553,0.00065174699,0.0023079415,0.23329571,0.23090061,4,0.00017235676,
lorenz_lobes,36,7814,0.99967886,1,0.00032113989,0.99967886,1,0.99419855,0.99135957,0.7229405,4.4817551,,,0.00048021475,0.00050403674,0.0013473928,0.21453014,0.29819844,4,0.00032113989,
periodic_wells,16,2277,0.75392445,0.99206525,0.2381408,0.75392445,0.99206525,0.56437603,0.8799976,0.32127106,4.0175367,,,0.70255346,0.7321456,0.82624163,7.6367846,3.5053546,2,0.2381408,
periodic_wells,36,7777,0.99031398,0.99481742,0.0045034442,0.99031398,0.99481742,0.69423772,0.90897384,0.54367626,4.19521,,,0.6641247,0.70003601,0.75749898,3.5717223,3.4839014,2,0.0045034442,
ripple,16,2277,0.50577585,0.92890501,0.42312916,0.50577585,0.92890501,0.50351886,0.74757779,0.32832267,3.953517,,,0.59779357,0.57661841,0.76118744,2.0831526,6.6859523,2,0.42312916,
ripple,36,7777,0.50714934,0.96022111,0.45307177,0.50714934,0.96022111,0.50428226,0.76121101,0.53664094,4.2449027,,,0.60274266,0.61863647,0.77585482,2.9858568,4.3581018,2,0.45307177,
ring_sdf,16,2277,0.99918105,0.99995736,0.000776305,0.99918105,0.99995736,0.98533666,0.98120257,0.35083467,3.8125439,,,0.10680425,0.089957398,0.084683346,14.200199,13.903353,2,0.000776305,
ring_sdf,36,7777,0.99932854,0.99994707,0.00061852982,0.99932854,0.99994707,0.98742545,0.98851389,0.53963678,4.0661818,,,0.025253384,0.025957533,0.031036111,18.316798,12.780804,2,0.00061852982,
complex_spiral_3d,16,2295,0.87643049,0.98405711,0.10762663,0.00065899514,0.033148134,0.70799043,0.87356215,0.34383294,3.7384244,0.0057335185,0.056041112,0.64643144,0.56877732,0.66707304,2.9877183,3.0904951,3,0.032489139,0.050307593
complex_spiral_3d,36,7815,0.94625876,0.98471969,0.03846093,0.0020496552,0.020290283,0.78919899,0.88617644,0.50773118,3.9418738,0.014219579,0.053459241,0.64711501,0.58479776,0.70605277,3.5456867,3.4000209,3,0.018240628,0.039239662
periodic_nd,16,2373,0.57084492,0.59415376,0.02330884,0.57084492,0.59415376,0.56348164,0.56981671,0.34804787,3.915521,,,0.086118247,0.062787619,0.10847957,3.5621857,3.8168074,8,0.02330884,
periodic_nd,36,7993,0.5808484,0.5885259,0.0076774984,0.5808484,0.5885259,0.56624887,0.5702757,0.54009728,4.144372,,,0.072455017,0.044211846,0.090792906,2.8587673,3.4268965,8,0.0076774984,
hyperchecker,16,2422,0.52925816,0.52036244,-0.0088957151,0.52925816,0.52036244,0.50589732,0.50005196,0.56172185,4.1992591,,,0.0034897625,0.011400496,0.010623743,1.2890269,2.1225558,20,-0.0088957151,
hyperchecker,36,8102,0.52302731,0.51814509,-0.0048822214,0.52302731,0.51814509,0.50439293,0.50245544,0.72030467,4.4690371,,,0.0089916041,0.0098557522,0.013444508,1.2393156,3.0000227,20,-0.0048822214,
multiscale_1d,16,2261,0.79887974,0.96341531,0.16453557,0.12648939,0.25978324,0.77062088,0.90827307,0.33897235,3.8651431,0.17334909,0.29832664,0.40076576,0.44548846,0.65425324,2.3610985,17.033786,1,0.13329384,0.12497756
multiscale_1d,36,7741,0.81411385,0.97979616,0.16568231,0.13959195,0.27760743,0.78269647,0.92722171,0.53211383,4.0766583,0.19026514,0.32817782,0.37999217,0.36075111,0.54646614,2.2946825,2.5361189,1,0.13801548,0.13791269
chirp_1d,16,2261,0.89809229,0.95166364,0.05357135,0.019868538,0.33843648,0.73487038,0.8904849,0.34910292,3.8780264,0.041646654,0.23804007,0.57146144,0.54301996,0.64808402,8.4293019,5.3004783,1,0.31856794,0.19639342
chirp_1d,36,7741,0.90051402,0.98384039,0.083326374,0.023891236,0.3072677,0.79075457,0.9085866,0.53616835,4.0030665,0.045946708,0.18875174,0.57319153,0.52697255,0.66158541,10.351408,6.8881833,1,0.28337647,0.14280503
localized_steps_1d,16,2261,0.96504152,0.99935786,0.034316344,0.87399357,0.95407042,0.90452798,0.96525751,0.34513371,3.8747436,0.79685408,0.90856717,0.48952865,0.4340627,0.50319006,4.3424941,1.9809387,1,0.080076854,0.1117131
localized_steps_1d,36,7741,0.96814192,0.9996499,0.031507974,0.901469,0.97367039,0.9187596,0.97208923,0.54276644,4.0785412,0.83932308,0.94586128,0.34838914,0.4185457,0.43162857,4.759403,1.8252501,1,0.072201391,0.1065382
fourier_mix_1d,16,2261,0.89249026,0.98793332,0.095443057,0.17074876,0.40970711,0.83324735,0.9251807,0.31458362,3.9695844,0.1897658,0.28643038,0.38229726,0.38984402,0.53057475,8.1692919,10.338947,1,0.23895835,0.096664587
fourier_mix_1d,36,7741,0.89423564,0.99070985,0.096474211,0.17141468,0.41220237,0.84656093,0.94437871,0.54081508,4.1692239,0.19559791,0.27719638,0.34925875,0.3030366,0.50258623,10.446755,2.9839458,1,0.24078768,0.081598474
